{
  "version": 1,
  "width": 179,
  "height": 47,
  "duration": 40.021725,
  "command": null,
  "title": null,
  "env": {
    "TERM": "xterm-256color",
    "SHELL": "/bin/zsh"
  },
  "stdout": [
    [
      0.008231,
      "\u001b[1m\u001b[7m%\u001b[27m\u001b[1m\u001b[0m                                                                                                                                                                                  \r \r"
    ],
    [
      0.000178,
      "\u001b]2;cheney@cheneydeMacBook-Air: ~/demo\u0007\u001b]1;~/demo\u0007"
    ],
    [
      0.019573,
      "\r\u001b[0m\u001b[27m\u001b[24m\u001b[J\u001b[01;31m➜  \u001b[36mdemo\u001b[00m \u001b[K"
    ],
    [
      0.000175,
      "\u001b[?1h\u001b="
    ],
    [
      7.6e-05,
      "\u001b[?2004h"
    ],
    [
      0.647195,
      "x"
    ],
    [
      0.206472,
      "\bx-"
    ],
    [
      0.406997,
      "c"
    ],
    [
      0.157616,
      "l"
    ],
    [
      0.165742,
      "i"
    ],
    [
      0.079556,
      " "
    ],
    [
      0.956247,
      "x"
    ],
    [
      0.259024,
      "-"
    ],
    [
      0.333575,
      "k"
    ],
    [
      0.031947,
      "o"
    ],
    [
      0.089834,
      "a"
    ],
    [
      0.174886,
      " "
    ],
    [
      0.400268,
      "m"
    ],
    [
      0.179225,
      "y"
    ],
    [
      0.292735,
      "p"
    ],
    [
      0.560743,
      "r"
    ],
    [
      0.594259,
      "o"
    ],
    [
      0.304917,
      "j"
    ],
    [
      0.18565,
      "e"
    ],
    [
      0.190414,
      "c"
    ],
    [
      0.105226,
      "t"
    ],
    [
      0.254874,
      "\u001b[?1l\u001b>"
    ],
    [
      3.9e-05,
      "\u001b[?2004l\r\r\n"
    ],
    [
      0.001186,
      "\u001b]2;x-cli x-koa myproject\u0007\u001b]1;x-cli\u0007"
    ],
    [
      0.316083,
      "\r\n"
    ],
    [
      0.316083,
      "@支持模板：x-koa/x-express\r\n"
    ],
    [
      0.000896,
      "@使用例子：x-cli x-koa myproject\r\n"
    ],
    [
      8.7e-05,
      "\r\n"
    ],
    [
      0.000361,
      "1/3拉取模板，下载位置：/Users/cheney/demo/myproject/\r\n"
    ],
    [
      0.127426,
      "Cloning into 'x-koa'...\r\n"
    ],
    [
      18.08905,
      "2/3创建项目，文件清理 ...\r\n"
    ],
    [
      0.040698,
      "3/3开始执行：npm install安装工程依赖 ...\r\n"
    ],
    [
      6.165154,
      "npm"
    ],
    [
      0.001395,
      " WARN x-koa@2.0.0 No repository field.\r\n\r\n"
    ],
    [
      0.000467,
      "added 196 packages in 5.057s\r\n"
    ],
    [
      0.033308,
      "初始化项目工程完成，请进入项目工程后执行 node app.js 运行\r\n"
    ],
    [
      0.316083,
      "\r\n"
    ],
    [
      0.007696,
      "\u001b[1m\u001b[7m%\u001b[27m\u001b[1m\u001b[0m                                                                                                                                                                                  \r \r"
    ],
    [
      0.000178,
      "\u001b]2;cheney@cheneydeMacBook-Air: ~/demo\u0007\u001b]1;~/demo\u0007"
    ],
    [
      0.042664,
      "\r\u001b[0m\u001b[27m\u001b[24m\u001b[J\u001b[01;32m➜  \u001b[36mdemo\u001b[00m \u001b[K"
    ],
    [
      0.000157,
      "\u001b[?1h\u001b="
    ],
    [
      5e-05,
      "\u001b[?2004h"
    ],
    [
      0.621775,
      "c"
    ],
    [
      0.071004,
      "\bcd"
    ],
    [
      0.328577,
      " "
    ],
    [
      0.223002,
      "m"
    ],
    [
      0.191562,
      "y"
    ],
    [
      0.106841,
      "project\u001b[1m/\u001b[0m"
    ],
    [
      0.522257,
      "\b\u001b[0m \b"
    ],
    [
      7.3e-05,
      "\u001b[?1l\u001b>"
    ],
    [
      0.000144,
      "\u001b[?2004l\r\r\n"
    ],
    [
      0.003021,
      "\u001b]2;cd myproject\u0007\u001b]1;cd\u0007"
    ],
    [
      0.00026,
      "\u001b[1m\u001b[7m%\u001b[27m\u001b[1m\u001b[0m                                                                                                                                                                                  \r \r"
    ],
    [
      0.000142,
      "\u001b]2;cheney@cheneydeMacBook-Air: ~/demo/myproject\u0007"
    ],
    [
      5.3e-05,
      "\u001b]1;..emo/myproject\u0007"
    ],
    [
      0.033784,
      "\r\u001b[0m\u001b[27m\u001b[24m\u001b[J\u001b[01;32m➜  \u001b[36mmyproject\u001b[00m \u001b[K"
    ],
    [
      0.000151,
      "\u001b[?1h\u001b="
    ],
    [
      7.1e-05,
      "\u001b[?2004h"
    ],
    [
      0.606034,
      "n"
    ],
    [
      0.164697,
      "\bno"
    ],
    [
      0.213038,
      "d"
    ],
    [
      0.088773,
      "e"
    ],
    [
      0.107897,
      " "
    ],
    [
      0.199614,
      "a"
    ],
    [
      0.323986,
      "pp.js\u001b[1m \u001b[0m"
    ],
    [
      0.355492,
      "\b\u001b[0m \b"
    ],
    [
      5.5e-05,
      "\u001b[?1l\u001b>"
    ],
    [
      0.000101,
      "\u001b[?2004l\r\r\n"
    ],
    [
      0.00122,
      "\u001b]2;node app.js\u0007\u001b]1;node\u0007"
    ],
    [
      1.437809,
      "\u001b[32m2017-12-15T11:42:21+0800 <info> app.js:74 (Object.<anonymous>) XServer应用启动【执行环境:undefined,端口:8085】\u001b[39m\r\n"
    ],
    [
      0.000781,
      "\u001b[33m2017-12-15T11:42:21+0800 <warn> app.js:75 (Object.<anonymous>) 模拟用户登录路径【localhost:8085/xserver/auth/login】\u001b[39m\r\n"
    ],
    [
      0.000355,
      "\u001b[33m2017-12-15T11:42:21+0800 <warn> app.js:76 (Object.<anonymous>) 静态资源访问路径【localhost:8085/xserver/static/*】\u001b[39m\r\n"
    ],
    [
      0.00034,
      "\u001b[33m2017-12-15T11:42:21+0800 <warn> app.js:77 (Object.<anonymous>) RESTful  API路径【localhost:8085/xserver/MODULE_NAME/*】\u001b[39m\r\n"
    ],
    [
      0.000428,
      "\u001b[32m2017-12-15T11:42:21+0800 <info> app.js:78 (Object.<anonymous>) ===============================================================\u001b[39m\r\n"
    ],
    [
      0.000377,
      "\u001b[33m2017-12-15T11:42:21+0800 <warn> app.js:79 (Object.<anonymous>) XModel服务已启动\u001b[39m\r\n"
    ],
    [
      0.000322,
      "\u001b[32m2017-12-15T11:42:21+0800 <info> app.js:80 (Object.<anonymous>) [POST]http://localhost:8085/xmodel/MODEL/create\u001b[39m\r\n"
    ],
    [
      0.000344,
      "\u001b[32m2017-12-15T11:42:21+0800 <info> app.js:81 (Object.<anonymous>) [POST]http://localhost:8085/xmodel/MODEL/update\u001b[39m\r\n"
    ],
    [
      0.000326,
      "\u001b[32m2017-12-15T11:42:21+0800 <info> app.js:82 (Object.<anonymous>) [POST]http://localhost:8085/xmodel/MODEL/query\u001b[39m\r\n"
    ],
    [
      0.000324,
      "\u001b[32m2017-12-15T11:42:21+0800 <info> app.js:83 (Object.<anonymous>) [GET ]http://localhost:8085/xmodel/MODEL/get/:id\u001b[39m\r\n"
    ],
    [
      0.000251,
      "\u001b[32m2017-12-15T11:42:21+0800 <info> app.js:84 (Object.<anonymous>) [GET ]http://localhost:8085/xmodel/MODEL/destroy/:id\u001b[39m\r\n"
    ],
    [
      0.000418,
      "\u001b[32m2017-12-15T11:42:21+0800 <info> app.js:85 (Object.<anonymous>) ===============================================================\u001b[39m\r\n"
    ],
    [
      0.000345,
      "\u001b[33m2017-12-15T11:42:21+0800 <warn> app.js:86 (Object.<anonymous>) XBatis服务已启动\u001b[39m\r\n"
    ],
    [
      0.000347,
      "\u001b[32m2017-12-15T11:42:21+0800 <info> app.js:87 (Object.<anonymous>) [POST]http://localhost:8085/xbatis/MODEL_NAME/METHOD_NAME\u001b[39m\r\n"
    ],
    [
      0.000295,
      "\u001b[32m2017-12-15T11:42:21+0800 <info> app.js:88 (Object.<anonymous>) ===============================================================\u001b[39m\r\n"
    ],
    [
      0.000339,
      "\u001b[33m2017-12-15T11:42:21+0800 <warn> app.js:89 (Object.<anonymous>) XNosql服务已启动\u001b[39m\r\n"
    ],
    [
      0.000372,
      "\u001b[32m2017-12-15T11:42:21+0800 <info> app.js:90 (Object.<anonymous>) [POST]http://localhost:8085/xnosql/MODEL/create\u001b[39m\r\n"
    ],
    [
      0.00031,
      "\u001b[32m2017-12-15T11:42:21+0800 <info> app.js:91 (Object.<anonymous>) [POST]http://localhost:8085/xnosql/MODEL/update\u001b[39m\r\n"
    ],
    [
